,0
fort lauderdale,ft lauderdale
fort lauderdale,north lauderdale
spring,springs
pt saint lucie,port saint lucie
port charlotte,pt charlotte
mckinney,mc kinney
st petersburg,st. petersburg
asheville,ashville
ashville,nashville
shaker heights,harker heights
bellingham,belllingham
ventura,aventura
hollywood park,hollywood pa
ocklawaha,oklawaha
commerce city,commercecity
deltona,delton
youngstown,youngtown
fairfield twp,fairfield twp.
port arthur,pt arthur
piney pt village,piney point village
silver lake,silver lakes
other city - in the state of florida,other city not in the state of florida
saint albans city,st albans city
morrison,morriston
nolensville,noblesville
doctor phillips,doctor philips
barrington,arrington
mc allen,mcallen
trenton,renton
panorama city,panama city
santa clara,santa clarita
soddy-daisy,soddy daisy
east los angeles,west los angeles
ft worth,ft. worth
millcreek,mill creek
mc gregor,mcgregor
wake forest,lake forest
leon valley,leona valley
other city value out of area,other city value - out of area
st. george,st george
highland,highlands
st. johns,st johns
brant,bryant
bee caves,bee cave
green acres,greenacres
un-incorporated broward county,unincorporated broward county
hide a way hills,hideaway hills
